{
  "version": "7",
  "dialect": "mysql",
  "entries": [
    {
      "idx": 0,
      "version": "5",
      "when": 1766087533873,
      "tag": "0000_wonderful_zarek",
      "breakpoints": true
    },
    {
      "idx": 1,
      "version": "5",
      "when": 1766087691006,
      "tag": "0001_cultured_excalibur",
      "breakpoints": true
    },
    {
      "idx": 2,
      "version": "5",
      "when": 1766089225541,
      "tag": "0002_spicy_princess_powerful",
      "breakpoints": true
    },
    {
      "idx": 3,
      "version": "5",
      "when": 1766092029571,
      "tag": "0003_young_sally_floyd",
      "breakpoints": true
    },
    {
      "idx": 4,
      "version": "5",
      "when": 1766096480235,
      "tag": "0004_left_rhodey",
      "breakpoints": true
    }
  ]
}